05/05/2022|05/06/2022|1|False|1
05/09/2022|05/10/2022|1|False|2
05/19/2022|05/20/2022|1|False|3
05/04/2022|05/07/2022|3|False|4
05/06/2022|05/07/2022|4|False|5
05/09/2022|05/10/2022|3|False|6
05/06/2022|05/07/2022|10|False|7
05/04/2022|05/05/2022|10|False|8
05/27/2022|05/29/2022|9|False|9
05/24/2022|05/25/2022|3|False|10
05/07/2022|05/08/2022|6|False|11
05/09/2022|05/11/2022|2|False|12
05/20/2022|05/21/2022|2|False|13
07/15/2022|07/17/2022|3|False|14
06/07/2022|06/21/2022|13|False|15
06/07/2022|06/21/2022|14|False|16
06/07/2022|06/21/2022|13|False|17
06/07/2022|06/21/2022|14|False|18
06/07/2022|06/28/2022|15|False|19
06/07/2022|06/28/2022|16|False|20
